<?xml version="1.0" encoding="UTF-8"?>
<project-private xmlns="http://www.netbeans.org/ns/project-private/1">
    <editor-bookmarks xmlns="http://www.netbeans.org/ns/editor-bookmarks/2" lastBookmarkId="0"/>
    <open-files xmlns="http://www.netbeans.org/ns/projectui-open-files/2">
        <group>
            <file>file:/C:/Users/SAMRUDDHI/Desktop/SYMCA%20Sem%203/bank%20management%20system/src/bank/management/system/FastCash.java</file>
            <file>file:/C:/Users/SAMRUDDHI/Desktop/SYMCA%20Sem%203/bank%20management%20system/src/bank/management/system/Conn.java</file>
            <file>file:/C:/Users/SAMRUDDHI/Desktop/SYMCA%20Sem%203/bank%20management%20system/src/bank/management/system/MiniStatement.java</file>
            <file>file:/C:/Users/SAMRUDDHI/Desktop/SYMCA%20Sem%203/bank%20management%20system/src/bank/management/system/SignupOne.java</file>
        </group>
    </open-files>
</project-private>
